{
  "kmeans": {
    "2": {
      "n_clusters": 2,
      "cluster_labels": [
        1,
        1,
        0,
        0,
        0,
        1,
        1,
        1,
        0
      ],
      "cluster_centers": [
        [
          0.9778020150885383,
          0.0,
          0.9750987884565335,
          0.9778020150885393,
          -0.993038993653721,
          0.0
        ],
        [
          -0.7822416120708314,
          0.0,
          -0.7800790307652278,
          -0.7822416120708305,
          0.7944311949229784,
          0.0
        ]
      ],
      "silhouette_score": 0.5759279401274902,
      "davies_bouldin_score": 0.45606561269133217,
      "calinski_harabasz_score": 23.41197763426078,
      "inertia": 8.286208908562001,
      "clusters": {
        "1": [
          "bit_flip",
          "byte_flip",
          "block_delete",
          "block_duplicate",
          "block_shuffle"
        ],
        "0": [
          "arithmetic",
          "interesting_values",
          "boundary_values",
          "havoc"
        ]
      }
    },
    "3": {
      "n_clusters": 3,
      "cluster_labels": [
        1,
        1,
        2,
        0,
        0,
        1,
        1,
        2,
        0
      ],
      "cluster_centers": [
        [
          1.2302316154229682,
          0.0,
          1.2090579572257516,
          1.2302316154229693,
          -1.1994765384624488,
          0.0
        ],
        [
          -0.9284766908852597,
          0.0,
          -0.9465934184685608,
          -0.9284766908852589,
          0.9697477426868397,
          0.0
        ],
        [
          0.011605958636065228,
          0.0,
          0.07959990109849206,
          0.011605958636066222,
          -0.14028067768000196,
          0.0
        ]
      ],
      "silhouette_score": 0.47346287604007753,
      "davies_bouldin_score": 0.5056640189012275,
      "calinski_harabasz_score": 24.532994559605182,
      "inertia": 3.922566423575711,
      "clusters": {
        "1": [
          "bit_flip",
          "byte_flip",
          "block_delete",
          "block_duplicate"
        ],
        "2": [
          "arithmetic",
          "block_shuffle"
        ],
        "0": [
          "interesting_values",
          "boundary_values",
          "havoc"
        ]
      }
    },
    "4": {
      "n_clusters": 4,
      "cluster_labels": [
        1,
        1,
        2,
        0,
        0,
        1,
        1,
        2,
        3
      ],
      "cluster_centers": [
        [
          0.8994617942950947,
          0.0,
          0.9024907705626383,
          0.8994617942950957,
          -0.9797891361446474,
          0.0
        ],
        [
          -0.9284766908852597,
          0.0,
          -0.9465934184685608,
          -0.9284766908852589,
          0.9697477426868397,
          0.0
        ],
        [
          0.011605958636065228,
          0.0,
          0.07959990109849206,
          0.011605958636066222,
          -0.14028067768000196,
          0.0
        ],
        [
          1.8917712576787156,
          0.0,
          1.8221923305519783,
          1.8917712576787167,
          -1.638851343098052,
          0.0
        ]
      ],
      "silhouette_score": 0.4637372472537882,
      "davies_bouldin_score": 0.3806511183813827,
      "calinski_harabasz_score": 32.498272398392444,
      "inertia": 1.7561863606940462,
      "clusters": {
        "1": [
          "bit_flip",
          "byte_flip",
          "block_delete",
          "block_duplicate"
        ],
        "2": [
          "arithmetic",
          "block_shuffle"
        ],
        "0": [
          "interesting_values",
          "boundary_values"
        ],
        "3": [
          "havoc"
        ]
      }
    },
    "5": {
      "n_clusters": 5,
      "cluster_labels": [
        0,
        0,
        2,
        1,
        1,
        4,
        4,
        2,
        3
      ],
      "cluster_centers": [
        [
          -1.137383946334443,
          0.0,
          -1.1789390757290257,
          -1.1373839463344422,
          1.2727285616275326,
          0.0
        ],
        [
          0.8994617942950947,
          0.0,
          0.9024907705626383,
          0.8994617942950957,
          -0.9797891361446474,
          0.0
        ],
        [
          0.011605958636065228,
          0.0,
          0.07959990109849206,
          0.011605958636066222,
          -0.14028067768000196,
          0.0
        ],
        [
          1.8917712576787156,
          0.0,
          1.8221923305519783,
          1.8917712576787167,
          -1.638851343098052,
          0.0
        ],
        [
          -0.7195694354360764,
          0.0,
          -0.7142477612080961,
          -0.7195694354360754,
          0.6667669237461469,
          0.0
        ]
      ],
      "silhouette_score": 0.38792228976082893,
      "davies_bouldin_score": 0.4175340292468982,
      "calinski_harabasz_score": 42.69351447341899,
      "inertia": 0.823920905284482,
      "clusters": {
        "0": [
          "bit_flip",
          "byte_flip"
        ],
        "2": [
          "arithmetic",
          "block_shuffle"
        ],
        "1": [
          "interesting_values",
          "boundary_values"
        ],
        "4": [
          "block_delete",
          "block_duplicate"
        ],
        "3": [
          "havoc"
        ]
      }
    },
    "best_k": 2,
    "best_silhouette": 0.5759279401274902
  },
  "hierarchical": {
    "linkage_matrix": [
      [
        5.0,
        6.0,
        0.4624134296306923,
        2.0
      ],
      [
        0.0,
        1.0,
        0.5313206294341682,
        2.0
      ],
      [
        3.0,
        4.0,
        0.6592659453036636,
        2.0
      ],
      [
        2.0,
        7.0,
        0.8468071992884162,
        2.0
      ],
      [
        9.0,
        10.0,
        1.3654782718224145,
        4.0
      ],
      [
        8.0,
        11.0,
        2.081528314907902,
        3.0
      ],
      [
        12.0,
        13.0,
        3.287449507448278,
        6.0
      ],
      [
        14.0,
        15.0,
        7.303940230370635,
        9.0
      ]
    ],
    "cophenetic_correlation": 0.7481150198508257,
    "method": "ward",
    "labels": [
      "bit_flip",
      "byte_flip",
      "arithmetic",
      "interesting_values",
      "boundary_values",
      "block_delete",
      "block_duplicate",
      "block_shuffle",
      "havoc"
    ]
  },
  "dbscan": {
    "best_eps": 1.0,
    "n_clusters": 2,
    "n_noise": 1,
    "cluster_labels": [
      0,
      0,
      0,
      1,
      1,
      0,
      0,
      0,
      -1
    ],
    "clusters": {
      "0": [
        "bit_flip",
        "byte_flip",
        "arithmetic",
        "block_delete",
        "block_duplicate",
        "block_shuffle"
      ],
      "1": [
        "interesting_values",
        "boundary_values"
      ]
    },
    "noise_points": [
      "havoc"
    ]
  },