{
  "linear_model": {
    "model_type": "Linear Regression",
    "equation": "Crashes = 64.32 + -1.39 \u00d7 TTFC",
    "coefficients": {
      "intercept": 64.32395106452475,
      "slope": -1.3904742108857673
    },
    "metrics": {
      "r2": 0.9878436101095055,
      "rmse": 0.4717768207214557,
      "mae": 0.3445516722590097,
      "cv_r2_mean": NaN,
      "cv_r2_std": NaN
    }
  },
  "polynomial_model": {
    "model_type": "Polynomial Regression (degree 2)",
    "equation": "Crashes = 67.11 + -2.19\u00d7TTFC + 0.05\u00d7TTFC\u00b2",
    "coefficients": {
      "intercept": 67.10602293254597,
      "coef": [
        -2.1873327700083816,
        0.04881501528358381
      ]
    },
    "metrics": {
      "r2": 0.9939142937978442,
      "rmse": 0.3338026499889367,
      "mae": 0.2516299091550316,
      "cv_r2_mean": NaN,
      "cv_r2_std": NaN
    }
  },
  "regularized_models": {
    "ridge": {
      "model_type": "Ridge Regression",
      "r2": 0.9875409291606473,
      "coefficient": -1.3661347259095007,
      "intercept": 64.11260320331417
    },
    "lasso": {
      "model_type": "Lasso Regression",
      "r2": 0.9877852252115066,
      "coefficient": -1.3797844226029627,
      "intercept": 64.23112806960239
    }
  },
  "example_predictions": {
    "ttfc_1s": {
      "ttfc_seconds": 1,
      "predicted_crashes_linear": 62.93347685363898,
      "predicted_crashes_polynomial": 64.96750517782117
    },
    "ttfc_3s": {
      "ttfc_seconds": 3,
      "predicted_crashes_linear": 60.152528431867445,
      "predicted_crashes_polynomial": 60.98335976007308
    },
    "ttfc_5s": {
      "ttfc_seconds": 5,
      "predicted_crashes_linear": 57.37158001009591,
      "predicted_crashes_polynomial": 57.38973446459366
    },
    "ttfc_10s": {
      "ttfc_seconds": 10,
      "predicted_crashes_linear": 50.419208955667074,
      "predicted_crashes_polynomial": 50.11419676082053
    },
    "ttfc_15s": {
      "ttfc_seconds": 15,
      "predicted_crashes_linear": 43.466837901238236,
      "predicted_crashes_polynomial": 45.27940982122661
    },
    "ttfc_20s": {
      "ttfc_seconds": 20,
      "predicted_crashes_linear": 36.514466846809405,
      "predicted_crashes_polynomial": 42.88537364581186
    }
  },
  "metadata": {
    "n_training_points": 6,
    "ttfc_range": [
      3.9,
      12.5
    ],
    "crash_range": [
      47.2,
      59.3
    ],
    "timestamp": "2025-11-11"
  }
}